id,imageName,jpegUrl,webpUrl,altText,size,width,height
1,photo-1001_dradzd,https://res.cloudinary.com/gibbs-photography/image/upload/v1619623432/photo_images/photo-1001_dradzd.jpg,https://res.cloudinary.com/gibbs-photography/image/upload/v1619623432/photo_images/photo-1001_dradzd.webp,photo-1001,lg,1148,1400
2,photo-1002_nnfyuu,https://res.cloudinary.com/gibbs-photography/image/upload/v1619623429/photo_images/photo-1002_nnfyuu.jpg,https://res.cloudinary.com/gibbs-photography/image/upload/v1619623429/photo_images/photo-1002_nnfyuu.webp,photo-1002,lg,1400,926
3,photo-1003_a6pdg5,https://res.cloudinary.com/gibbs-photography/image/upload/v1619623430/photo_images/photo-1003_a6pdg5.jpg,https://res.cloudinary.com/gibbs-photography/image/upload/v1619623430/photo_images/photo-1003_a6pdg5.webp,photo-1003,lg,1400,934
4,photo-1004_fm7gju,https://res.cloudinary.com/gibbs-photography/image/upload/v1619623430/photo_images/photo-1004_fm7gju.jpg,https://res.cloudinary.com/gibbs-photography/image/upload/v1619623430/photo_images/photo-1004_fm7gju.webp,photo-1004,lg,1400,928
5,photo-1005_vtmgdd,https://res.cloudinary.com/gibbs-photography/image/upload/v1619623428/photo_images/photo-1005_vtmgdd.jpg,https://res.cloudinary.com/gibbs-photography/image/upload/v1619623428/photo_images/photo-1005_vtmgdd.webp,photo-1005,lg,1400,970
6,photo-1006_xqpkwi,https://res.cloudinary.com/gibbs-photography/image/upload/v1619623433/photo_images/photo-1006_xqpkwi.jpg,https://res.cloudinary.com/gibbs-photography/image/upload/v1619623433/photo_images/photo-1006_xqpkwi.webp,photo-1006,lg,1400,934
7,photo-1007_o75cue,https://res.cloudinary.com/gibbs-photography/image/upload/v1619623432/photo_images/photo-1007_o75cue.jpg,https://res.cloudinary.com/gibbs-photography/image/upload/v1619623432/photo_images/photo-1007_o75cue.webp,photo-1007,lg,1400,913
8,photo-1008_b8n8lt,https://res.cloudinary.com/gibbs-photography/image/upload/v1619623434/photo_images/photo-1008_b8n8lt.jpg,https://res.cloudinary.com/gibbs-photography/image/upload/v1619623434/photo_images/photo-1008_b8n8lt.webp,photo-1008,lg,932,1400
9,photo-1009_eaqs99,https://res.cloudinary.com/gibbs-photography/image/upload/v1619623430/photo_images/photo-1009_eaqs99.jpg,https://res.cloudinary.com/gibbs-photography/image/upload/v1619623430/photo_images/photo-1009_eaqs99.webp,photo-1009,lg,1400,934
10,photo-1010_rxafqo,https://res.cloudinary.com/gibbs-photography/image/upload/v1619623434/photo_images/photo-1010_rxafqo.jpg,https://res.cloudinary.com/gibbs-photography/image/upload/v1619623434/photo_images/photo-1010_rxafqo.webp,photo-1010,lg,1400,937
11,photo-1011_w2xvkj,https://res.cloudinary.com/gibbs-photography/image/upload/v1619623448/photo_images/photo-1011_w2xvkj.jpg,https://res.cloudinary.com/gibbs-photography/image/upload/v1619623448/photo_images/photo-1011_w2xvkj.webp,photo-1011,lg,1400,929
12,photo-1012_z9j7by,https://res.cloudinary.com/gibbs-photography/image/upload/v1619623452/photo_images/photo-1012_z9j7by.jpg,https://res.cloudinary.com/gibbs-photography/image/upload/v1619623452/photo_images/photo-1012_z9j7by.webp,photo-1012,lg,1400,934
13,photo-1013_zabnvq,https://res.cloudinary.com/gibbs-photography/image/upload/v1619623449/photo_images/photo-1013_zabnvq.jpg,https://res.cloudinary.com/gibbs-photography/image/upload/v1619623449/photo_images/photo-1013_zabnvq.webp,photo-1013,lg,1400,933
14,photo-1014_lo3nw0,https://res.cloudinary.com/gibbs-photography/image/upload/v1619623450/photo_images/photo-1014_lo3nw0.jpg,https://res.cloudinary.com/gibbs-photography/image/upload/v1619623450/photo_images/photo-1014_lo3nw0.webp,photo-1014,lg,1400,933
15,photo-1015_wkukwm,https://res.cloudinary.com/gibbs-photography/image/upload/v1619623449/photo_images/photo-1015_wkukwm.jpg,https://res.cloudinary.com/gibbs-photography/image/upload/v1619623449/photo_images/photo-1015_wkukwm.webp,photo-1015,lg,1400,479
16,photo-1016_oh89td,https://res.cloudinary.com/gibbs-photography/image/upload/v1619623455/photo_images/photo-1016_oh89td.jpg,https://res.cloudinary.com/gibbs-photography/image/upload/v1619623455/photo_images/photo-1016_oh89td.webp,photo-1016,lg,1400,933
17,photo-1017_gnxfyt,https://res.cloudinary.com/gibbs-photography/image/upload/v1619623454/photo_images/photo-1017_gnxfyt.jpg,https://res.cloudinary.com/gibbs-photography/image/upload/v1619623454/photo_images/photo-1017_gnxfyt.webp,photo-1017,lg,1400,933
18,photo-1018_kdmdgi,https://res.cloudinary.com/gibbs-photography/image/upload/v1619623454/photo_images/photo-1018_kdmdgi.jpg,https://res.cloudinary.com/gibbs-photography/image/upload/v1619623454/photo_images/photo-1018_kdmdgi.webp,photo-1018,lg,1400,933
19,photo-1019_dmnicx,https://res.cloudinary.com/gibbs-photography/image/upload/v1619623454/photo_images/photo-1019_dmnicx.jpg,https://res.cloudinary.com/gibbs-photography/image/upload/v1619623454/photo_images/photo-1019_dmnicx.webp,photo-1019,lg,1400,935
20,photo-1020_bqqdac,https://res.cloudinary.com/gibbs-photography/image/upload/v1619623455/photo_images/photo-1020_bqqdac.jpg,https://res.cloudinary.com/gibbs-photography/image/upload/v1619623455/photo_images/photo-1020_bqqdac.webp,photo-1020,lg,1400,982
21,photo-1021_cslywx,https://res.cloudinary.com/gibbs-photography/image/upload/v1619623468/photo_images/photo-1021_cslywx.jpg,https://res.cloudinary.com/gibbs-photography/image/upload/v1619623468/photo_images/photo-1021_cslywx.webp,photo-1021,lg,1400,980
22,photo-1022_ky82m0,https://res.cloudinary.com/gibbs-photography/image/upload/v1619623469/photo_images/photo-1022_ky82m0.jpg,https://res.cloudinary.com/gibbs-photography/image/upload/v1619623469/photo_images/photo-1022_ky82m0.webp,photo-1022,lg,1400,935
23,photo-1023_qlivwq,https://res.cloudinary.com/gibbs-photography/image/upload/v1619623468/photo_images/photo-1023_qlivwq.jpg,https://res.cloudinary.com/gibbs-photography/image/upload/v1619623468/photo_images/photo-1023_qlivwq.webp,photo-1023,lg,1400,927
24,photo-1024_zvqhbk,https://res.cloudinary.com/gibbs-photography/image/upload/v1619623470/photo_images/photo-1024_zvqhbk.jpg,https://res.cloudinary.com/gibbs-photography/image/upload/v1619623470/photo_images/photo-1024_zvqhbk.webp,photo-1024,lg,1400,895
25,photo-1025_sdrnt4,https://res.cloudinary.com/gibbs-photography/image/upload/v1619623472/photo_images/photo-1025_sdrnt4.jpg,https://res.cloudinary.com/gibbs-photography/image/upload/v1619623472/photo_images/photo-1025_sdrnt4.webp,photo-1025,lg,1400,986
26,photo-1026_toaw4z,https://res.cloudinary.com/gibbs-photography/image/upload/v1619623469/photo_images/photo-1026_toaw4z.jpg,https://res.cloudinary.com/gibbs-photography/image/upload/v1619623469/photo_images/photo-1026_toaw4z.webp,photo-1026,lg,941,1400
27,photo-1027_jderix,https://res.cloudinary.com/gibbs-photography/image/upload/v1619623474/photo_images/photo-1027_jderix.jpg,https://res.cloudinary.com/gibbs-photography/image/upload/v1619623474/photo_images/photo-1027_jderix.webp,photo-1027,lg,1400,935
28,photo-1028_nnsjsb,https://res.cloudinary.com/gibbs-photography/image/upload/v1619623471/photo_images/photo-1028_nnsjsb.jpg,https://res.cloudinary.com/gibbs-photography/image/upload/v1619623471/photo_images/photo-1028_nnsjsb.webp,photo-1028,lg,1400,950
29,photo-1029_f5ji8l,https://res.cloudinary.com/gibbs-photography/image/upload/v1619623474/photo_images/photo-1029_f5ji8l.jpg,https://res.cloudinary.com/gibbs-photography/image/upload/v1619623474/photo_images/photo-1029_f5ji8l.webp,photo-1029,lg,1400,735
30,photo-1030_f1ectv,https://res.cloudinary.com/gibbs-photography/image/upload/v1619623473/photo_images/photo-1030_f1ectv.jpg,https://res.cloudinary.com/gibbs-photography/image/upload/v1619623473/photo_images/photo-1030_f1ectv.webp,photo-1030,lg,1400,935
31,photo-1031_lutzce,https://res.cloudinary.com/gibbs-photography/image/upload/v1619623500/photo_images/photo-1031_lutzce.jpg,https://res.cloudinary.com/gibbs-photography/image/upload/v1619623500/photo_images/photo-1031_lutzce.webp,photo-1031,lg,1400,940
32,photo-1032_bxojya,https://res.cloudinary.com/gibbs-photography/image/upload/v1619623499/photo_images/photo-1032_bxojya.jpg,https://res.cloudinary.com/gibbs-photography/image/upload/v1619623499/photo_images/photo-1032_bxojya.webp,photo-1032,lg,1400,931
33,photo-1033_gubf76,https://res.cloudinary.com/gibbs-photography/image/upload/v1619623497/photo_images/photo-1033_gubf76.jpg,https://res.cloudinary.com/gibbs-photography/image/upload/v1619623497/photo_images/photo-1033_gubf76.webp,photo-1033,lg,935,1400
34,photo-1034_wstkd4,https://res.cloudinary.com/gibbs-photography/image/upload/v1619623501/photo_images/photo-1034_wstkd4.jpg,https://res.cloudinary.com/gibbs-photography/image/upload/v1619623501/photo_images/photo-1034_wstkd4.webp,photo-1034,lg,1400,931
35,photo-1035_gjqojn,https://res.cloudinary.com/gibbs-photography/image/upload/v1619623495/photo_images/photo-1035_gjqojn.jpg,https://res.cloudinary.com/gibbs-photography/image/upload/v1619623495/photo_images/photo-1035_gjqojn.webp,photo-1035,lg,1400,930
36,photo-1036_ddoizm,https://res.cloudinary.com/gibbs-photography/image/upload/v1619623495/photo_images/photo-1036_ddoizm.jpg,https://res.cloudinary.com/gibbs-photography/image/upload/v1619623495/photo_images/photo-1036_ddoizm.webp,photo-1036,lg,1400,934
37,photo-1037_opdpbt,https://res.cloudinary.com/gibbs-photography/image/upload/v1619623499/photo_images/photo-1037_opdpbt.jpg,https://res.cloudinary.com/gibbs-photography/image/upload/v1619623499/photo_images/photo-1037_opdpbt.webp,photo-1037,lg,1400,930
38,photo-1038_wnvpx6,https://res.cloudinary.com/gibbs-photography/image/upload/v1619623498/photo_images/photo-1038_wnvpx6.jpg,https://res.cloudinary.com/gibbs-photography/image/upload/v1619623498/photo_images/photo-1038_wnvpx6.webp,photo-1038,lg,930,1400
39,photo-1039_rav184,https://res.cloudinary.com/gibbs-photography/image/upload/v1619623500/photo_images/photo-1039_rav184.jpg,https://res.cloudinary.com/gibbs-photography/image/upload/v1619623500/photo_images/photo-1039_rav184.webp,photo-1039,lg,934,1400
40,photo-1040_jhzuec,https://res.cloudinary.com/gibbs-photography/image/upload/v1619623500/photo_images/photo-1040_jhzuec.jpg,https://res.cloudinary.com/gibbs-photography/image/upload/v1619623500/photo_images/photo-1040_jhzuec.webp,photo-1040,lg,930,1400
41,photo-1041_vmzqas,https://res.cloudinary.com/gibbs-photography/image/upload/v1619623519/photo_images/photo-1041_vmzqas.jpg,https://res.cloudinary.com/gibbs-photography/image/upload/v1619623519/photo_images/photo-1041_vmzqas.webp,photo-1041,lg,930,1400
42,photo-1042_heptdp,https://res.cloudinary.com/gibbs-photography/image/upload/v1619623520/photo_images/photo-1042_heptdp.jpg,https://res.cloudinary.com/gibbs-photography/image/upload/v1619623520/photo_images/photo-1042_heptdp.webp,photo-1042,lg,1400,934
43,photo-1043_yfvbeh,https://res.cloudinary.com/gibbs-photography/image/upload/v1619623524/photo_images/photo-1043_yfvbeh.jpg,https://res.cloudinary.com/gibbs-photography/image/upload/v1619623524/photo_images/photo-1043_yfvbeh.webp,photo-1043,lg,1400,930
44,photo-1044_tlvmgi,https://res.cloudinary.com/gibbs-photography/image/upload/v1619623520/photo_images/photo-1044_tlvmgi.jpg,https://res.cloudinary.com/gibbs-photography/image/upload/v1619623520/photo_images/photo-1044_tlvmgi.webp,photo-1044,lg,1400,930
45,photo-1045_lxqdpu,https://res.cloudinary.com/gibbs-photography/image/upload/v1619623520/photo_images/photo-1045_lxqdpu.jpg,https://res.cloudinary.com/gibbs-photography/image/upload/v1619623520/photo_images/photo-1045_lxqdpu.webp,photo-1045,lg,1400,934
46,photo-1046_mj8l04,https://res.cloudinary.com/gibbs-photography/image/upload/v1619623523/photo_images/photo-1046_mj8l04.jpg,https://res.cloudinary.com/gibbs-photography/image/upload/v1619623523/photo_images/photo-1046_mj8l04.webp,photo-1046,lg,1400,930
47,photo-1047_s9rhiz,https://res.cloudinary.com/gibbs-photography/image/upload/v1619623525/photo_images/photo-1047_s9rhiz.jpg,https://res.cloudinary.com/gibbs-photography/image/upload/v1619623525/photo_images/photo-1047_s9rhiz.webp,photo-1047,lg,1400,930
48,photo-1048_y5o33d,https://res.cloudinary.com/gibbs-photography/image/upload/v1619623524/photo_images/photo-1048_y5o33d.jpg,https://res.cloudinary.com/gibbs-photography/image/upload/v1619623524/photo_images/photo-1048_y5o33d.webp,photo-1048,lg,934,1400
49,photo-1049_pct4hq,https://res.cloudinary.com/gibbs-photography/image/upload/v1619623526/photo_images/photo-1049_pct4hq.jpg,https://res.cloudinary.com/gibbs-photography/image/upload/v1619623526/photo_images/photo-1049_pct4hq.webp,photo-1049,lg,1400,930
50,photo-1050_rc7ubk,https://res.cloudinary.com/gibbs-photography/image/upload/v1619623526/photo_images/photo-1050_rc7ubk.jpg,https://res.cloudinary.com/gibbs-photography/image/upload/v1619623526/photo_images/photo-1050_rc7ubk.webp,photo-1050,lg,1400,930
51,photo-1051_uhbsag,https://res.cloudinary.com/gibbs-photography/image/upload/v1619623553/photo_images/photo-1051_uhbsag.jpg,https://res.cloudinary.com/gibbs-photography/image/upload/v1619623553/photo_images/photo-1051_uhbsag.webp,photo-1051,lg,1400,934
52,photo-1052_ojagbi,https://res.cloudinary.com/gibbs-photography/image/upload/v1619623551/photo_images/photo-1052_ojagbi.jpg,https://res.cloudinary.com/gibbs-photography/image/upload/v1619623551/photo_images/photo-1052_ojagbi.webp,photo-1052,lg,1400,930
53,photo-1053_tqbeif,https://res.cloudinary.com/gibbs-photography/image/upload/v1619623550/photo_images/photo-1053_tqbeif.jpg,https://res.cloudinary.com/gibbs-photography/image/upload/v1619623550/photo_images/photo-1053_tqbeif.webp,photo-1053,lg,1400,930
54,photo-1054_p3urmq,https://res.cloudinary.com/gibbs-photography/image/upload/v1619623556/photo_images/photo-1054_p3urmq.jpg,https://res.cloudinary.com/gibbs-photography/image/upload/v1619623556/photo_images/photo-1054_p3urmq.webp,photo-1054,lg,1400,934
55,photo-1055_zqabvg,https://res.cloudinary.com/gibbs-photography/image/upload/v1619623553/photo_images/photo-1055_zqabvg.jpg,https://res.cloudinary.com/gibbs-photography/image/upload/v1619623553/photo_images/photo-1055_zqabvg.webp,photo-1055,lg,1400,924
56,photo-1056_zxptdh,https://res.cloudinary.com/gibbs-photography/image/upload/v1619623557/photo_images/photo-1056_zxptdh.jpg,https://res.cloudinary.com/gibbs-photography/image/upload/v1619623557/photo_images/photo-1056_zxptdh.webp,photo-1056,lg,1391,1400
57,photo-1057_sgqdza,https://res.cloudinary.com/gibbs-photography/image/upload/v1619623557/photo_images/photo-1057_sgqdza.jpg,https://res.cloudinary.com/gibbs-photography/image/upload/v1619623557/photo_images/photo-1057_sgqdza.webp,photo-1057,lg,934,1400
58,photo-1058_oh4rmh,https://res.cloudinary.com/gibbs-photography/image/upload/v1619623555/photo_images/photo-1058_oh4rmh.jpg,https://res.cloudinary.com/gibbs-photography/image/upload/v1619623555/photo_images/photo-1058_oh4rmh.webp,photo-1058,lg,930,1400
59,photo-1059_q4alur,https://res.cloudinary.com/gibbs-photography/image/upload/v1619623558/photo_images/photo-1059_q4alur.jpg,https://res.cloudinary.com/gibbs-photography/image/upload/v1619623558/photo_images/photo-1059_q4alur.webp,photo-1059,lg,1400,930
60,photo-1060_o8jpvz,https://res.cloudinary.com/gibbs-photography/image/upload/v1619623558/photo_images/photo-1060_o8jpvz.jpg,https://res.cloudinary.com/gibbs-photography/image/upload/v1619623558/photo_images/photo-1060_o8jpvz.webp,photo-1060,lg,934,1400
61,photo-1061_cbjftd,https://res.cloudinary.com/gibbs-photography/image/upload/v1619623574/photo_images/photo-1061_cbjftd.jpg,https://res.cloudinary.com/gibbs-photography/image/upload/v1619623574/photo_images/photo-1061_cbjftd.webp,photo-1061,lg,1400,930
62,photo-1062_bg4rjw,https://res.cloudinary.com/gibbs-photography/image/upload/v1619623576/photo_images/photo-1062_bg4rjw.jpg,https://res.cloudinary.com/gibbs-photography/image/upload/v1619623576/photo_images/photo-1062_bg4rjw.webp,photo-1062,lg,1400,930
63,photo-1063_gqbzlm,https://res.cloudinary.com/gibbs-photography/image/upload/v1619623574/photo_images/photo-1063_gqbzlm.jpg,https://res.cloudinary.com/gibbs-photography/image/upload/v1619623574/photo_images/photo-1063_gqbzlm.webp,photo-1063,lg,934,1400
64,photo-1064_pfullj,https://res.cloudinary.com/gibbs-photography/image/upload/v1619623577/photo_images/photo-1064_pfullj.jpg,https://res.cloudinary.com/gibbs-photography/image/upload/v1619623577/photo_images/photo-1064_pfullj.webp,photo-1064,lg,1400,930
65,photo-1065_ucc8q8,https://res.cloudinary.com/gibbs-photography/image/upload/v1619623576/photo_images/photo-1065_ucc8q8.jpg,https://res.cloudinary.com/gibbs-photography/image/upload/v1619623576/photo_images/photo-1065_ucc8q8.webp,photo-1065,lg,1400,933
66,photo-1066_rvvpc8,https://res.cloudinary.com/gibbs-photography/image/upload/v1619623576/photo_images/photo-1066_rvvpc8.jpg,https://res.cloudinary.com/gibbs-photography/image/upload/v1619623576/photo_images/photo-1066_rvvpc8.webp,photo-1066,lg,934,1400
67,photo-1067_bb3ocm,https://res.cloudinary.com/gibbs-photography/image/upload/v1619623578/photo_images/photo-1067_bb3ocm.jpg,https://res.cloudinary.com/gibbs-photography/image/upload/v1619623578/photo_images/photo-1067_bb3ocm.webp,photo-1067,lg,1400,934
68,photo-1068_u6bbk6,https://res.cloudinary.com/gibbs-photography/image/upload/v1619623578/photo_images/photo-1068_u6bbk6.jpg,https://res.cloudinary.com/gibbs-photography/image/upload/v1619623578/photo_images/photo-1068_u6bbk6.webp,photo-1068,lg,1400,1016
69,photo-1069_xqx1fa,https://res.cloudinary.com/gibbs-photography/image/upload/v1619623579/photo_images/photo-1069_xqx1fa.jpg,https://res.cloudinary.com/gibbs-photography/image/upload/v1619623579/photo_images/photo-1069_xqx1fa.webp,photo-1069,lg,1400,934
70,photo-1070_kjtpei,https://res.cloudinary.com/gibbs-photography/image/upload/v1619623579/photo_images/photo-1070_kjtpei.jpg,https://res.cloudinary.com/gibbs-photography/image/upload/v1619623579/photo_images/photo-1070_kjtpei.webp,photo-1070,lg,1400,930
71,photo-1071_zprqlf,https://res.cloudinary.com/gibbs-photography/image/upload/v1619623601/photo_images/photo-1071_zprqlf.jpg,https://res.cloudinary.com/gibbs-photography/image/upload/v1619623601/photo_images/photo-1071_zprqlf.webp,photo-1071,lg,1400,930
72,photo-1072_uj5sbw,https://res.cloudinary.com/gibbs-photography/image/upload/v1619623601/photo_images/photo-1072_uj5sbw.jpg,https://res.cloudinary.com/gibbs-photography/image/upload/v1619623601/photo_images/photo-1072_uj5sbw.webp,photo-1072,lg,1400,934
73,photo-1073_hpnols,https://res.cloudinary.com/gibbs-photography/image/upload/v1619623597/photo_images/photo-1073_hpnols.jpg,https://res.cloudinary.com/gibbs-photography/image/upload/v1619623597/photo_images/photo-1073_hpnols.webp,photo-1073,lg,1400,930
74,photo-1074_t7wmi3,https://res.cloudinary.com/gibbs-photography/image/upload/v1619623599/photo_images/photo-1074_t7wmi3.jpg,https://res.cloudinary.com/gibbs-photography/image/upload/v1619623599/photo_images/photo-1074_t7wmi3.webp,photo-1074,lg,1400,930
75,photo-1075_ziphjq,https://res.cloudinary.com/gibbs-photography/image/upload/v1619623601/photo_images/photo-1075_ziphjq.jpg,https://res.cloudinary.com/gibbs-photography/image/upload/v1619623601/photo_images/photo-1075_ziphjq.webp,photo-1075,lg,934,1400
76,photo-1076_sjdkhj,https://res.cloudinary.com/gibbs-photography/image/upload/v1619623603/photo_images/photo-1076_sjdkhj.jpg,https://res.cloudinary.com/gibbs-photography/image/upload/v1619623603/photo_images/photo-1076_sjdkhj.webp,photo-1076,lg,1400,930
77,photo-1077_rvxg5p,https://res.cloudinary.com/gibbs-photography/image/upload/v1619623602/photo_images/photo-1077_rvxg5p.jpg,https://res.cloudinary.com/gibbs-photography/image/upload/v1619623602/photo_images/photo-1077_rvxg5p.webp,photo-1077,lg,1400,930
78,photo-1078_kxj3tr,https://res.cloudinary.com/gibbs-photography/image/upload/v1619623603/photo_images/photo-1078_kxj3tr.jpg,https://res.cloudinary.com/gibbs-photography/image/upload/v1619623603/photo_images/photo-1078_kxj3tr.webp,photo-1078,lg,1400,934
79,photo-1079_ikcoyc,https://res.cloudinary.com/gibbs-photography/image/upload/v1619623604/photo_images/photo-1079_ikcoyc.jpg,https://res.cloudinary.com/gibbs-photography/image/upload/v1619623604/photo_images/photo-1079_ikcoyc.webp,photo-1079,lg,1400,930
80,photo-1080_gzmnuv,https://res.cloudinary.com/gibbs-photography/image/upload/v1619623604/photo_images/photo-1080_gzmnuv.jpg,https://res.cloudinary.com/gibbs-photography/image/upload/v1619623604/photo_images/photo-1080_gzmnuv.webp,photo-1080,lg,1400,930
81,photo-1081_e3qf3n,https://res.cloudinary.com/gibbs-photography/image/upload/v1619623617/photo_images/photo-1081_e3qf3n.jpg,https://res.cloudinary.com/gibbs-photography/image/upload/v1619623617/photo_images/photo-1081_e3qf3n.webp,photo-1081,lg,1400,934
82,photo-1082_hn0cba,https://res.cloudinary.com/gibbs-photography/image/upload/v1619623615/photo_images/photo-1082_hn0cba.jpg,https://res.cloudinary.com/gibbs-photography/image/upload/v1619623615/photo_images/photo-1082_hn0cba.webp,photo-1082,lg,1400,930
83,photo-1083_woo9wd,https://res.cloudinary.com/gibbs-photography/image/upload/v1619623616/photo_images/photo-1083_woo9wd.jpg,https://res.cloudinary.com/gibbs-photography/image/upload/v1619623616/photo_images/photo-1083_woo9wd.webp,photo-1083,lg,1400,930
84,photo-1084_w4qq9k,https://res.cloudinary.com/gibbs-photography/image/upload/v1619623616/photo_images/photo-1084_w4qq9k.jpg,https://res.cloudinary.com/gibbs-photography/image/upload/v1619623616/photo_images/photo-1084_w4qq9k.webp,photo-1084,lg,1400,950
85,photo-1085_xth3rh,https://res.cloudinary.com/gibbs-photography/image/upload/v1619623615/photo_images/photo-1085_xth3rh.jpg,https://res.cloudinary.com/gibbs-photography/image/upload/v1619623615/photo_images/photo-1085_xth3rh.webp,photo-1085,lg,1400,930
86,photo-1086_cltbt1,https://res.cloudinary.com/gibbs-photography/image/upload/v1619623615/photo_images/photo-1086_cltbt1.jpg,https://res.cloudinary.com/gibbs-photography/image/upload/v1619623615/photo_images/photo-1086_cltbt1.webp,photo-1086,lg,1400,930
87,photo-1087_cggrhb,https://res.cloudinary.com/gibbs-photography/image/upload/v1619623618/photo_images/photo-1087_cggrhb.jpg,https://res.cloudinary.com/gibbs-photography/image/upload/v1619623618/photo_images/photo-1087_cggrhb.webp,photo-1087,lg,1400,934
88,photo-1088_he19vk,https://res.cloudinary.com/gibbs-photography/image/upload/v1619623619/photo_images/photo-1088_he19vk.jpg,https://res.cloudinary.com/gibbs-photography/image/upload/v1619623619/photo_images/photo-1088_he19vk.webp,photo-1088,lg,1400,930
89,photo-1089_dmr3ci,https://res.cloudinary.com/gibbs-photography/image/upload/v1619623619/photo_images/photo-1089_dmr3ci.jpg,https://res.cloudinary.com/gibbs-photography/image/upload/v1619623619/photo_images/photo-1089_dmr3ci.webp,photo-1089,lg,1400,930
90,photo-1090_ovbqym,https://res.cloudinary.com/gibbs-photography/image/upload/v1619623620/photo_images/photo-1090_ovbqym.jpg,https://res.cloudinary.com/gibbs-photography/image/upload/v1619623620/photo_images/photo-1090_ovbqym.webp,photo-1090,lg,1400,935
91,photo-1091_yenezz,https://res.cloudinary.com/gibbs-photography/image/upload/v1619623635/photo_images/photo-1091_yenezz.jpg,https://res.cloudinary.com/gibbs-photography/image/upload/v1619623635/photo_images/photo-1091_yenezz.webp,photo-1091,lg,1400,930
92,photo-1092_jatvwr,https://res.cloudinary.com/gibbs-photography/image/upload/v1619623631/photo_images/photo-1092_jatvwr.jpg,https://res.cloudinary.com/gibbs-photography/image/upload/v1619623631/photo_images/photo-1092_jatvwr.webp,photo-1092,lg,1400,930
93,photo-1093_vqhei5,https://res.cloudinary.com/gibbs-photography/image/upload/v1619623631/photo_images/photo-1093_vqhei5.jpg,https://res.cloudinary.com/gibbs-photography/image/upload/v1619623631/photo_images/photo-1093_vqhei5.webp,photo-1093,lg,1400,934
94,photo-1094_syma1y,https://res.cloudinary.com/gibbs-photography/image/upload/v1619623630/photo_images/photo-1094_syma1y.jpg,https://res.cloudinary.com/gibbs-photography/image/upload/v1619623630/photo_images/photo-1094_syma1y.webp,photo-1094,lg,1400,934
95,photo-1095_ar88wj,https://res.cloudinary.com/gibbs-photography/image/upload/v1619623634/photo_images/photo-1095_ar88wj.jpg,https://res.cloudinary.com/gibbs-photography/image/upload/v1619623634/photo_images/photo-1095_ar88wj.webp,photo-1095,lg,1400,934
96,photo-1096_lgb7ez,https://res.cloudinary.com/gibbs-photography/image/upload/v1619623632/photo_images/photo-1096_lgb7ez.jpg,https://res.cloudinary.com/gibbs-photography/image/upload/v1619623632/photo_images/photo-1096_lgb7ez.webp,photo-1096,lg,1400,934
97,photo-1097_ctztbt,https://res.cloudinary.com/gibbs-photography/image/upload/v1619623633/photo_images/photo-1097_ctztbt.jpg,https://res.cloudinary.com/gibbs-photography/image/upload/v1619623633/photo_images/photo-1097_ctztbt.webp,photo-1097,lg,934,1400
98,photo-1098_xudhld,https://res.cloudinary.com/gibbs-photography/image/upload/v1619623634/photo_images/photo-1098_xudhld.jpg,https://res.cloudinary.com/gibbs-photography/image/upload/v1619623634/photo_images/photo-1098_xudhld.webp,photo-1098,lg,1400,930
99,photo-1099_a2mpc7,https://res.cloudinary.com/gibbs-photography/image/upload/v1619623636/photo_images/photo-1099_a2mpc7.jpg,https://res.cloudinary.com/gibbs-photography/image/upload/v1619623636/photo_images/photo-1099_a2mpc7.webp,photo-1099,lg,1400,934
100,photo-1100_oucu8a,https://res.cloudinary.com/gibbs-photography/image/upload/v1619623635/photo_images/photo-1100_oucu8a.jpg,https://res.cloudinary.com/gibbs-photography/image/upload/v1619623635/photo_images/photo-1100_oucu8a.webp,photo-1100,lg,1400,930
101,photo-1101_blbl1n,https://res.cloudinary.com/gibbs-photography/image/upload/v1619623655/photo_images/photo-1101_blbl1n.jpg,https://res.cloudinary.com/gibbs-photography/image/upload/v1619623655/photo_images/photo-1101_blbl1n.webp,photo-1101,lg,1400,934
102,photo-1102_ufe3yt,https://res.cloudinary.com/gibbs-photography/image/upload/v1619623650/photo_images/photo-1102_ufe3yt.jpg,https://res.cloudinary.com/gibbs-photography/image/upload/v1619623650/photo_images/photo-1102_ufe3yt.webp,photo-1102,lg,1400,934
103,photo-1103_olwtgc,https://res.cloudinary.com/gibbs-photography/image/upload/v1619623651/photo_images/photo-1103_olwtgc.jpg,https://res.cloudinary.com/gibbs-photography/image/upload/v1619623651/photo_images/photo-1103_olwtgc.webp,photo-1103,lg,1400,934
104,photo-1104_t7dhca,https://res.cloudinary.com/gibbs-photography/image/upload/v1619623654/photo_images/photo-1104_t7dhca.jpg,https://res.cloudinary.com/gibbs-photography/image/upload/v1619623654/photo_images/photo-1104_t7dhca.webp,photo-1104,lg,1400,934
105,photo-1105_l7fkea,https://res.cloudinary.com/gibbs-photography/image/upload/v1619623653/photo_images/photo-1105_l7fkea.jpg,https://res.cloudinary.com/gibbs-photography/image/upload/v1619623653/photo_images/photo-1105_l7fkea.webp,photo-1105,lg,1400,908
106,photo-1106_tbokur,https://res.cloudinary.com/gibbs-photography/image/upload/v1619623653/photo_images/photo-1106_tbokur.jpg,https://res.cloudinary.com/gibbs-photography/image/upload/v1619623653/photo_images/photo-1106_tbokur.webp,photo-1106,lg,930,1400
107,photo-1107_hmjjn2,https://res.cloudinary.com/gibbs-photography/image/upload/v1619623655/photo_images/photo-1107_hmjjn2.jpg,https://res.cloudinary.com/gibbs-photography/image/upload/v1619623655/photo_images/photo-1107_hmjjn2.webp,photo-1107,lg,1400,930
108,photo-1108_gw0i7l,https://res.cloudinary.com/gibbs-photography/image/upload/v1619623654/photo_images/photo-1108_gw0i7l.jpg,https://res.cloudinary.com/gibbs-photography/image/upload/v1619623654/photo_images/photo-1108_gw0i7l.webp,photo-1108,lg,1400,928
109,photo-1109_cjhuzi,https://res.cloudinary.com/gibbs-photography/image/upload/v1619623657/photo_images/photo-1109_cjhuzi.jpg,https://res.cloudinary.com/gibbs-photography/image/upload/v1619623657/photo_images/photo-1109_cjhuzi.webp,photo-1109,lg,1400,934
110,photo-1110_rr9fek,https://res.cloudinary.com/gibbs-photography/image/upload/v1619623657/photo_images/photo-1110_rr9fek.jpg,https://res.cloudinary.com/gibbs-photography/image/upload/v1619623657/photo_images/photo-1110_rr9fek.webp,photo-1110,lg,1400,934
111,photo-1111_a1ev2m,https://res.cloudinary.com/gibbs-photography/image/upload/v1619623668/photo_images/photo-1111_a1ev2m.jpg,https://res.cloudinary.com/gibbs-photography/image/upload/v1619623668/photo_images/photo-1111_a1ev2m.webp,photo-1111,lg,1400,934
112,photo-1112_jwntht,https://res.cloudinary.com/gibbs-photography/image/upload/v1619623669/photo_images/photo-1112_jwntht.jpg,https://res.cloudinary.com/gibbs-photography/image/upload/v1619623669/photo_images/photo-1112_jwntht.webp,photo-1112,lg,1400,934
113,photo-1113_p4t8qy,https://res.cloudinary.com/gibbs-photography/image/upload/v1619623671/photo_images/photo-1113_p4t8qy.jpg,https://res.cloudinary.com/gibbs-photography/image/upload/v1619623671/photo_images/photo-1113_p4t8qy.webp,photo-1113,lg,1400,934
114,photo-1114_o5bypt,https://res.cloudinary.com/gibbs-photography/image/upload/v1619623668/photo_images/photo-1114_o5bypt.jpg,https://res.cloudinary.com/gibbs-photography/image/upload/v1619623668/photo_images/photo-1114_o5bypt.webp,photo-1114,lg,934,1400
115,photo-1115_e9w24i,https://res.cloudinary.com/gibbs-photography/image/upload/v1619623670/photo_images/photo-1115_e9w24i.jpg,https://res.cloudinary.com/gibbs-photography/image/upload/v1619623670/photo_images/photo-1115_e9w24i.webp,photo-1115,lg,1400,930
116,photo-1116_oyjd6p,https://res.cloudinary.com/gibbs-photography/image/upload/v1619623669/photo_images/photo-1116_oyjd6p.jpg,https://res.cloudinary.com/gibbs-photography/image/upload/v1619623669/photo_images/photo-1116_oyjd6p.webp,photo-1116,lg,1400,934
117,photo-1117_apcxyb,https://res.cloudinary.com/gibbs-photography/image/upload/v1619623674/photo_images/photo-1117_apcxyb.jpg,https://res.cloudinary.com/gibbs-photography/image/upload/v1619623674/photo_images/photo-1117_apcxyb.webp,photo-1117,lg,1400,934
118,photo-1118_tms6nx,https://res.cloudinary.com/gibbs-photography/image/upload/v1619623673/photo_images/photo-1118_tms6nx.jpg,https://res.cloudinary.com/gibbs-photography/image/upload/v1619623673/photo_images/photo-1118_tms6nx.webp,photo-1118,lg,1400,934
119,photo-1119_uaezzn,https://res.cloudinary.com/gibbs-photography/image/upload/v1619623673/photo_images/photo-1119_uaezzn.jpg,https://res.cloudinary.com/gibbs-photography/image/upload/v1619623673/photo_images/photo-1119_uaezzn.webp,photo-1119,lg,1400,934
120,photo-1120_dhbmto,https://res.cloudinary.com/gibbs-photography/image/upload/v1619623674/photo_images/photo-1120_dhbmto.jpg,https://res.cloudinary.com/gibbs-photography/image/upload/v1619623674/photo_images/photo-1120_dhbmto.webp,photo-1120,lg,1400,935
121,photo-1121_mslkom,https://res.cloudinary.com/gibbs-photography/image/upload/v1619623692/photo_images/photo-1121_mslkom.jpg,https://res.cloudinary.com/gibbs-photography/image/upload/v1619623692/photo_images/photo-1121_mslkom.webp,photo-1121,lg,1400,933
122,photo-1122_n4kp0a,https://res.cloudinary.com/gibbs-photography/image/upload/v1619623694/photo_images/photo-1122_n4kp0a.jpg,https://res.cloudinary.com/gibbs-photography/image/upload/v1619623694/photo_images/photo-1122_n4kp0a.webp,photo-1122,lg,1400,930
123,photo-1123_g6ebd3,https://res.cloudinary.com/gibbs-photography/image/upload/v1619623692/photo_images/photo-1123_g6ebd3.jpg,https://res.cloudinary.com/gibbs-photography/image/upload/v1619623692/photo_images/photo-1123_g6ebd3.webp,photo-1123,lg,1400,934
124,photo-1124_smiyna,https://res.cloudinary.com/gibbs-photography/image/upload/v1619623690/photo_images/photo-1124_smiyna.jpg,https://res.cloudinary.com/gibbs-photography/image/upload/v1619623690/photo_images/photo-1124_smiyna.webp,photo-1124,lg,1400,930
125,photo-1125_mjgvke,https://res.cloudinary.com/gibbs-photography/image/upload/v1619623691/photo_images/photo-1125_mjgvke.jpg,https://res.cloudinary.com/gibbs-photography/image/upload/v1619623691/photo_images/photo-1125_mjgvke.webp,photo-1125,lg,1400,930
126,photo-1126,https://res.cloudinary.com/gibbs-photography/image/upload/v1619623692/photo_images/photo-1126_d1h92a.jpg,https://res.cloudinary.com/gibbs-photography/image/upload/v1619623692/photo_images/photo-1126_d1h92a.webp,photo-1126,lg,1400,935
127,photo-1127,https://res.cloudinary.com/gibbs-photography/image/upload/v1619623694/photo_images/photo-1127_k8f18y.jpg,https://res.cloudinary.com/gibbs-photography/image/upload/v1619623694/photo_images/photo-1127_k8f18y.webp,photo-1127,lg,1400,933
128,photo-1128,https://res.cloudinary.com/gibbs-photography/image/upload/v1619623694/photo_images/photo-1128_l9z3mp.jpg,https://res.cloudinary.com/gibbs-photography/image/upload/v1619623694/photo_images/photo-1128_l9z3mp.webp,photo-1128,lg,1400,933
129,photo-1129,https://res.cloudinary.com/gibbs-photography/image/upload/v1619623696/photo_images/photo-1129_geqbcm.jpg,https://res.cloudinary.com/gibbs-photography/image/upload/v1619623696/photo_images/photo-1129_geqbcm.webp,photo-1129,lg,934,1400
130,photo-1130,https://res.cloudinary.com/gibbs-photography/image/upload/v1619623696/photo_images/photo-1130_z5ovwj.jpg,https://res.cloudinary.com/gibbs-photography/image/upload/v1619623696/photo_images/photo-1130_z5ovwj.webp,photo-1130,lg,1400,933
131,photo-1131,https://res.cloudinary.com/gibbs-photography/image/upload/v1619623711/photo_images/photo-1131_kkknmq.jpg,https://res.cloudinary.com/gibbs-photography/image/upload/v1619623711/photo_images/photo-1131_kkknmq.webp,photo-1131,lg,1400,933
132,photo-1132,https://res.cloudinary.com/gibbs-photography/image/upload/v1619623711/photo_images/photo-1132_guqs6j.jpg,https://res.cloudinary.com/gibbs-photography/image/upload/v1619623711/photo_images/photo-1132_guqs6j.webp,photo-1132,lg,1400,934
133,photo-1133,https://res.cloudinary.com/gibbs-photography/image/upload/v1619623710/photo_images/photo-1133_mji6ba.jpg,https://res.cloudinary.com/gibbs-photography/image/upload/v1619623710/photo_images/photo-1133_mji6ba.webp,photo-1133,lg,1400,933
134,photo-1134,https://res.cloudinary.com/gibbs-photography/image/upload/v1619623713/photo_images/photo-1134_mw40oj.jpg,https://res.cloudinary.com/gibbs-photography/image/upload/v1619623713/photo_images/photo-1134_mw40oj.webp,photo-1134,lg,1400,930
135,photo-1135,https://res.cloudinary.com/gibbs-photography/image/upload/v1619623716/photo_images/photo-1135_vsntfa.jpg,https://res.cloudinary.com/gibbs-photography/image/upload/v1619623716/photo_images/photo-1135_vsntfa.webp,photo-1135,lg,1400,934
136,photo-1136,https://res.cloudinary.com/gibbs-photography/image/upload/v1619623711/photo_images/photo-1136_xagled.jpg,https://res.cloudinary.com/gibbs-photography/image/upload/v1619623711/photo_images/photo-1136_xagled.webp,photo-1136,lg,1400,933
137,photo-1137,https://res.cloudinary.com/gibbs-photography/image/upload/v1619623714/photo_images/photo-1137_gaqjnv.jpg,https://res.cloudinary.com/gibbs-photography/image/upload/v1619623714/photo_images/photo-1137_gaqjnv.webp,photo-1137,lg,1400,933
138,photo-1138,https://res.cloudinary.com/gibbs-photography/image/upload/v1619623715/photo_images/photo-1138_tqhbqo.jpg,https://res.cloudinary.com/gibbs-photography/image/upload/v1619623715/photo_images/photo-1138_tqhbqo.webp,photo-1138,lg,1400,933
139,photo-1139,https://res.cloudinary.com/gibbs-photography/image/upload/v1619623716/photo_images/photo-1139_pnpifp.jpg,https://res.cloudinary.com/gibbs-photography/image/upload/v1619623716/photo_images/photo-1139_pnpifp.webp,photo-1139,lg,1400,934
140,photo-1140,https://res.cloudinary.com/gibbs-photography/image/upload/v1619623716/photo_images/photo-1140_m8g9jg.jpg,https://res.cloudinary.com/gibbs-photography/image/upload/v1619623716/photo_images/photo-1140_m8g9jg.webp,photo-1140,lg,1400,933
141,photo-1141,https://res.cloudinary.com/gibbs-photography/image/upload/v1619623729/photo_images/photo-1141_js3pnm.jpg,https://res.cloudinary.com/gibbs-photography/image/upload/v1619623729/photo_images/photo-1141_js3pnm.webp,photo-1141,lg,1400,933
142,photo-1142,https://res.cloudinary.com/gibbs-photography/image/upload/v1619623728/photo_images/photo-1142_csg7em.jpg,https://res.cloudinary.com/gibbs-photography/image/upload/v1619623728/photo_images/photo-1142_csg7em.webp,photo-1142,lg,1400,933
143,photo-1143,https://res.cloudinary.com/gibbs-photography/image/upload/v1619623727/photo_images/photo-1143_cvw5us.jpg,https://res.cloudinary.com/gibbs-photography/image/upload/v1619623727/photo_images/photo-1143_cvw5us.webp,photo-1143,lg,1400,933
144,photo-1144,https://res.cloudinary.com/gibbs-photography/image/upload/v1619623727/photo_images/photo-1144_ldu3ey.jpg,https://res.cloudinary.com/gibbs-photography/image/upload/v1619623727/photo_images/photo-1144_ldu3ey.webp,photo-1144,lg,1400,933
145,photo-1145,https://res.cloudinary.com/gibbs-photography/image/upload/v1619623727/photo_images/photo-1145_hzazyr.jpg,https://res.cloudinary.com/gibbs-photography/image/upload/v1619623727/photo_images/photo-1145_hzazyr.webp,photo-1145,lg,1400,933
146,photo-1146,https://res.cloudinary.com/gibbs-photography/image/upload/v1619623727/photo_images/photo-1146_mmpvh4.jpg,https://res.cloudinary.com/gibbs-photography/image/upload/v1619623727/photo_images/photo-1146_mmpvh4.webp,photo-1146,lg,1400,933
147,photo-1147,https://res.cloudinary.com/gibbs-photography/image/upload/v1619623730/photo_images/photo-1147_xcsh6o.jpg,https://res.cloudinary.com/gibbs-photography/image/upload/v1619623730/photo_images/photo-1147_xcsh6o.webp,photo-1147,lg,1400,957
148,photo-1148,https://res.cloudinary.com/gibbs-photography/image/upload/v1619623730/photo_images/photo-1148_gqzhbp.jpg,https://res.cloudinary.com/gibbs-photography/image/upload/v1619623730/photo_images/photo-1148_gqzhbp.webp,photo-1148,lg,1400,957